date,adj_close
2014-01-02,80.01739501953125
2014-01-03,79.43975067138672
2014-01-06,79.14631652832031
2014-01-07,79.87984466552734
2014-01-08,80.0540771484375
2014-01-09,79.78817749023438
2014-01-10,80.04488372802734
2014-01-13,78.86211395263672
2014-01-14,80.36580657958984
2014-01-15,81.0259780883789
2014-01-16,81.03516387939453
2014-01-17,80.57669067382812
2014-01-21,81.19100189208984
2014-01-22,81.40191650390625
2014-01-23,81.1268310546875
2014-01-24,79.53142547607422
2014-01-27,78.76123046875
2014-01-28,78.71539306640625
2014-01-29,77.87183380126953
2014-01-30,79.31139373779297
2014-01-31,79.10044860839844
2014-02-03,77.28502655029297
2014-02-04,77.85352325439453
2014-02-05,77.65180206298828
2014-02-06,78.64202880859375
2014-02-07,80.04488372802734
2014-02-10,80.50333404541016
2014-02-11,81.42021942138672
2014-02-12,81.57611846923828
2014-02-13,82.18123626708984
2014-02-14,82.34630584716797
2014-02-18,82.74974060058594
2014-02-19,82.18123626708984
2014-02-20,82.56635284423828
2014-02-21,82.45635223388672
2014-02-24,82.89643096923828
2014-02-25,82.80474090576172
2014-02-26,82.73140716552734
2014-02-27,83.26817321777344
2014-02-28,83.17609405517578
2014-03-03,82.55923461914062
2014-03-04,83.60881042480469
2014-03-05,83.83898162841797
2014-03-06,83.76533508300781
2014-03-07,83.35101318359375
2014-03-10,83.42469024658203
2014-03-11,83.06560516357422
2014-03-12,83.378662109375
2014-03-13,82.20015716552734
2014-03-14,81.6385498046875
2014-03-17,82.3566665649414
2014-03-18,83.35101318359375
2014-03-19,82.89988708496094
2014-03-20,83.13005065917969
2014-03-21,82.1297378540039
2014-03-24,81.40995788574219
2014-03-25,81.67755889892578
2014-03-26,80.62554931640625
2014-03-27,80.17341613769531
2014-03-28,80.33026123046875
2014-03-31,80.90240478515625
2014-04-01,82.32352447509766
2014-04-02,82.5357666015625
2014-04-03,81.88056182861328
2014-04-04,79.7027587890625
2014-04-07,78.9460678100586
2014-04-08,79.67506408691406
2014-04-09,81.04081726074219
2014-04-10,78.53079223632812
2014-04-11,77.6172103881836
2014-04-14,78.22628021240234
2014-04-15,78.48465728759766
2014-04-16,79.52742004394531
2014-04-17,79.54585266113281
2014-04-21,80.13648986816406
2014-04-22,80.77323150634766
2014-04-23,80.06265258789062
2014-04-24,80.8285903930664
2014-04-25,79.53667449951172
2014-04-28,79.79505920410156
2014-04-29,80.43179321289062
2014-04-30,80.6440200805664
2014-05-01,80.88395690917969
2014-05-02,80.73628234863281
2014-05-05,81.16078186035156
2014-05-06,80.10877227783203
2014-05-07,79.87808990478516
2014-05-08,79.80426025390625
2014-05-09,80.0995864868164
2014-05-12,81.41915893554688
2014-05-13,81.47452545166016
2014-05-14,81.05003356933594
2014-05-15,80.41332244873047
2014-05-16,80.93933868408203
2014-05-19,81.50224304199219
2014-05-20,81.20694732666016
2014-05-21,81.9820785522461
2014-05-22,82.34197235107422
2014-05-23,82.94178771972656
2014-05-27,83.97534942626953
2014-05-28,83.71697998046875
2014-05-29,84.25218963623047
2014-05-30,84.26141357421875
2014-06-02,84.1783676147461
2014-06-03,84.14147186279297
2014-06-04,84.4552001953125
2014-06-05,85.165771484375
2014-06-06,85.65484619140625
2014-06-09,85.59027099609375
2014-06-10,85.73793029785156
2014-06-11,85.719482421875
2014-06-12,84.94432067871094
2014-06-13,85.19342803955078
2014-06-16,85.26728057861328
2014-06-17,85.31341552734375
2014-06-18,85.79326629638672
2014-06-19,85.73793029785156
2014-06-20,85.83876037597656
2014-06-23,85.85724639892578
2014-06-24,85.77399444580078
2014-06-25,86.3199234008789
2014-06-26,86.36619567871094
2014-06-27,86.74553680419922
2014-06-30,86.89360046386719
2014-07-01,87.84664154052734
2014-07-02,87.99466705322266
2014-07-03,88.54984283447266
2014-07-07,88.28152465820312
2014-07-08,87.2174301147461
2014-07-09,87.86512756347656
2014-07-10,87.58753967285156
2014-07-11,88.1519775390625
2014-07-14,88.67938232421875
2014-07-15,88.37406921386719
2014-07-16,88.72563934326172
2014-07-17,87.55055236816406
2014-07-18,88.93846130371094
2014-07-21,88.82746887207031
2014-07-22,89.39186096191406
2014-07-23,89.96553039550781
2014-07-24,89.86378479003906
2014-07-25,89.51216125488281
2014-07-28,89.53990173339844
2014-07-29,89.38262939453125
2014-07-30,89.7342300415039
2014-07-31,87.92063903808594
2014-08-01,87.59680938720703
2014-08-04,88.19825744628906
2014-08-05,87.5228042602539
2014-08-06,87.45802307128906
2014-08-07,87.18042755126953
2014-08-08,87.80962371826172
2014-08-11,88.32778930664062
2014-08-12,88.29076385498047
2014-08-13,89.22528839111328
2014-08-14,89.68794250488281
2014-08-15,90.12284851074219
2014-08-18,90.81681060791016
2014-08-19,91.32569122314453
2014-08-20,91.32569122314453
2014-08-21,91.51074981689453
2014-08-22,91.64957427978516
2014-08-25,91.97342681884766
2014-08-26,92.06595611572266
2014-08-27,92.08444213867188
2014-08-28,91.98265075683594
2014-08-29,92.32502746582031
2014-09-02,92.59334564208984
2014-09-03,92.04744720458984
2014-09-04,91.96416473388672
2014-09-05,92.42681121826172
2014-09-08,92.60258483886719
2014-09-09,91.83460998535156
2014-09-10,92.59334564208984
2014-09-11,92.51933288574219
2014-09-12,92.04744720458984
2014-09-15,91.15914916992188
2014-09-16,91.95487976074219
2014-09-17,92.09366607666016
2014-09-18,92.78768157958984
2014-09-19,92.73016357421875
2014-09-22,91.86759948730469
2014-09-23,91.61715698242188
2014-09-24,92.60029602050781
2014-09-25,90.652587890625
2014-09-26,91.61715698242188
2014-09-29,91.49657440185547
2014-09-30,91.62646484375
2014-10-01,90.16101837158203
2014-10-02,90.16101837158203
2014-10-03,91.05142211914062
2014-10-06,90.85662841796875
2014-10-07,89.56742095947266
2014-10-08,91.31110382080078
2014-10-09,89.83637237548828
2014-10-10,87.59187316894531
2014-10-13,86.21922302246094
2014-10-14,86.22846984863281
2014-10-15,85.6719741821289
2014-10-16,85.13404846191406
2014-10-17,86.25630187988281
2014-10-20,87.5455093383789
2014-10-21,89.8456802368164
2014-10-22,89.38192749023438
2014-10-23,90.72676849365234
2014-10-24,91.46876525878906
2014-10-27,91.53370666503906
2014-10-28,92.9156494140625
2014-10-29,92.57246398925781
2014-10-30,92.76727294921875
2014-10-31,94.04720306396484
2014-11-03,94.32543182373047
2014-11-04,94.01008605957031
2014-11-05,94.01937103271484
2014-11-06,94.31614685058594
2014-11-07,94.23271179199219
2014-11-10,94.56656646728516
2014-11-11,94.86336517333984
2014-11-12,95.03031158447266
2014-11-13,95.43841552734375
2014-11-14,95.73524475097656
2014-11-17,95.44769287109375
2014-11-18,96.16183471679688
2014-11-19,95.72595977783203
2014-11-20,96.15259552001953
2014-11-21,96.33808898925781
2014-11-24,97.08934020996094
2014-11-25,97.23772430419922
2014-11-26,97.86843872070312
2014-11-28,98.3228988647461
2014-12-01,97.20992279052734
2014-12-02,97.59944915771484
2014-12-03,97.77570343017578
2014-12-04,97.72933197021484
2014-12-05,97.73860168457031
2014-12-08,97.04297637939453
2014-12-09,97.34903717041016
2014-12-10,95.81867980957031
2014-12-11,96.2731704711914
2014-12-12,95.22509002685547
2014-12-15,94.24197387695312
2014-12-16,92.73016357421875
2014-12-17,94.41818237304688
2014-12-18,96.69052124023438
2014-12-19,97.11598205566406
2014-12-22,97.35801696777344
2014-12-23,97.0135498046875
2014-12-24,97.09735870361328
2014-12-26,97.7862319946289
2014-12-29,97.76762390136719
2014-12-30,97.11598205566406
2014-12-31,96.11985778808594
2015-01-02,95.8312759399414
2015-01-05,94.4255599975586
2015-01-06,93.15946197509766
2015-01-07,94.36036682128906
2015-01-08,96.16639709472656
2015-01-09,95.53335571289062
2015-01-12,94.53727722167969
2015-01-13,94.50932312011719
2015-01-14,93.98800659179688
2015-01-15,92.7684555053711
2015-01-16,93.857666015625
2015-01-20,94.60244750976562
2015-01-21,95.0865249633789
2015-01-22,96.84600067138672
2015-01-23,97.06011199951172
2015-01-26,96.94839477539062
2015-01-27,94.43485260009766
2015-01-28,93.9507827758789
2015-01-29,94.85380554199219
2015-01-30,94.11833953857422
2015-02-02,94.93757629394531
2015-02-03,95.84988403320312
2015-02-04,95.7660903930664
2015-02-05,96.59465026855469
2015-02-06,96.00814056396484
2015-02-09,95.7009506225586
2015-02-10,97.19043731689453
2015-02-11,97.54420471191406
2015-02-12,98.67993927001953
2015-02-13,99.52710723876953
2015-02-17,99.6202392578125
2015-02-18,99.75984191894531
2015-02-19,100.25323486328125
2015-02-20,100.92353057861328
2015-02-23,101.02594757080078
2015-02-24,101.10039520263672
2015-02-25,100.8490219116211
2015-02-26,101.36104583740234
2015-02-27,100.91419219970703
2015-03-02,101.82652282714844
2015-03-03,101.35175323486328
2015-03-04,100.96076202392578
2015-03-05,101.13764953613281
2015-03-06,99.9925765991211
2015-03-09,100.28117370605469
2015-03-10,98.41928100585938
2015-03-11,97.85140991210938
2015-03-12,98.49378204345703
2015-03-13,98.06553649902344
2015-03-16,99.33163452148438
2015-03-17,99.48987579345703
2015-03-18,100.46735382080078
2015-03-19,100.61630249023438
2015-03-20,101.26759338378906
2015-03-23,101.07164001464844
2015-03-24,100.70774841308594
2015-03-25,98.40302276611328
2015-03-26,98.06713104248047
2015-03-27,98.45902252197266
2015-03-30,99.58808135986328
2015-03-31,98.53365325927734
2015-04-01,98.0204849243164
2015-04-02,98.08577728271484
2015-04-06,98.88825988769531
2015-04-07,98.72030639648438
2015-04-08,99.50405883789062
2015-04-09,100.1292495727539
2015-04-10,100.53981018066406
2015-04-13,100.28787994384766
2015-04-14,99.99861907958984
2015-04-15,100.62376403808594
2015-04-16,100.48380279541016
2015-04-17,98.91622924804688
2015-04-20,100.39982604980469
2015-04-21,100.82904815673828
2015-04-22,101.37958526611328
2015-04-23,101.76213836669922
2015-04-24,103.14310455322266
2015-04-27,102.8818588256836
2015-04-28,102.67654418945312
2015-04-29,102.03272247314453
2015-04-30,100.4278335571289
2015-05-01,101.7528076171875
2015-05-04,101.92074584960938
2015-05-05,100.25989532470703
2015-05-06,99.56940460205078
2015-05-07,100.16658782958984
2015-05-08,101.4168930053711
2015-05-11,101.0250015258789
2015-05-12,100.56777954101562
2015-05-13,100.77306365966797
2015-05-14,102.24732208251953
2015-05-15,102.24732208251953
2015-05-18,102.6952133178711
2015-05-19,102.58325958251953
2015-05-20,102.64855194091797
2015-05-21,103.18043518066406
2015-05-22,103.0777816772461
2015-05-26,101.89278411865234
2015-05-27,103.53498840332031
2015-05-28,103.30172729492188
2015-05-29,102.68589782714844
2015-06-01,103.03114318847656
2015-06-02,102.70454406738281
2015-06-03,103.01248168945312
2015-06-04,102.22868347167969
2015-06-05,101.98609161376953
2015-06-08,100.95035552978516
2015-06-09,100.78240966796875
2015-06-10,102.16339111328125
2015-06-11,102.31265258789062
2015-06-12,101.4728775024414
2015-06-15,100.96903228759766
2015-06-16,101.51953887939453
2015-06-17,101.79944610595703
2015-06-18,103.2830810546875
2015-06-19,102.7724380493164
2015-06-22,103.52996063232422
2015-06-23,103.61412811279297
2015-06-24,103.08106231689453
2015-06-25,102.87531280517578
2015-06-26,102.1926040649414
2015-06-29,99.77970123291016
2015-06-30,100.1351089477539
2015-07-01,100.9300308227539
2015-07-02,100.95809173583984
2015-07-06,100.72427368164062
2015-07-07,100.97677612304688
2015-07-08,99.21858215332031
2015-07-09,99.16241455078125
2015-07-10,100.67753601074219
2015-07-13,102.44511413574219
2015-07-14,103.11847686767578
2015-07-15,103.2306900024414
2015-07-16,104.6896743774414
2015-07-17,106.23277282714844
2015-07-20,106.59751892089844
2015-07-21,106.53204345703125
2015-07-22,105.32563781738281
2015-07-23,104.93281555175781
2015-07-24,103.90406036376953
2015-07-27,103.04365539550781
2015-07-28,103.9321060180664
2015-07-29,104.32490539550781
2015-07-30,104.82058715820312
2015-07-31,104.69901275634766
2015-08-03,104.37171173095703
2015-08-04,104.17527770996094
2015-08-05,104.9795913696289
2015-08-06,103.29615020751953
2015-08-07,103.16521453857422
2015-08-10,104.34363555908203
2015-08-11,103.00623321533203
2015-08-12,103.36161041259766
2015-08-13,103.19329071044922
2015-08-14,103.3522720336914
2015-08-17,104.21269989013672
2015-08-18,103.67961883544922
2015-08-19,102.99690246582031
2015-08-20,100.14443969726562
2015-08-21,95.76756286621094
2015-08-24,92.08277130126953
2015-08-25,91.73673248291016
2015-08-26,96.35676574707031
2015-08-27,98.79772186279297
2015-08-28,98.77901458740234
2015-08-31,97.5538558959961
2015-09-01,94.5049819946289
2015-09-02,97.17041015625
2015-09-03,96.69344329833984
2015-09-04,95.5431137084961
2015-09-08,98.23658752441406
2015-09-09,97.13301849365234
2015-09-10,98.1897964477539
2015-09-11,98.73222351074219
2015-09-14,98.43296813964844
2015-09-15,99.5926513671875
2015-09-16,100.15380096435547
2015-09-17,100.19122314453125
2015-09-18,98.76618957519531
2015-09-21,99.07555389404297
2015-09-22,97.59431457519531
2015-09-23,97.66932678222656
2015-09-24,97.31307220458984
2015-09-25,96.4880599975586
2015-09-28,93.74116516113281
2015-09-29,93.25365447998047
2015-09-30,95.40055084228516
2015-10-01,95.8318099975586
2015-10-02,97.50992584228516
2015-10-05,98.90680694580078
2015-10-06,98.4380874633789
2015-10-07,99.02870178222656
2015-10-08,99.42244720458984
2015-10-09,99.8724365234375
2015-10-12,100.11621856689453
2015-10-13,99.46930694580078
2015-10-14,99.3099365234375
2015-10-15,100.94119262695312
2015-10-16,101.36309051513672
2015-10-19,101.9443359375
2015-10-20,101.4193344116211
2015-10-21,100.80058288574219
2015-10-22,102.85371398925781
2015-10-23,105.73186492919922
2015-10-26,105.7974624633789
2015-10-27,106.01309204101562
2015-10-28,106.89434814453125
2015-10-29,106.7256088256836
2015-10-30,106.24747467041016
2015-11-02,107.44749450683594
2015-11-03,107.82251739501953
2015-11-04,107.83187866210938
2015-11-05,107.54124450683594
2015-11-06,107.61624145507812
2015-11-09,106.47248840332031
2015-11-10,106.20059967041016
2015-11-11,106.0693588256836
2015-11-12,105.03813171386719
2015-11-13,102.97559356689453
2015-11-16,104.45685577392578
2015-11-17,104.52246856689453
2015-11-18,106.52872467041016
2015-11-19,106.60375213623047
2015-11-20,107.32562255859375
2015-11-23,107.0162582397461
2015-11-24,106.92249298095703
2015-11-25,107.0162582397461
2015-11-27,107.166259765625
2015-11-30,106.89434814453125
2015-12-01,107.963134765625
2015-12-02,107.29747772216797
2015-12-03,105.478759765625
2015-12-04,107.9443588256836
2015-12-07,107.45686340332031
2015-12-08,107.46625518798828
2015-12-09,105.83499908447266
2015-12-10,106.31311798095703
2015-12-11,103.86621856689453
2015-12-14,104.65373992919922
2015-12-15,105.29122161865234
2015-12-16,106.85686492919922
2015-12-17,105.30059814453125
2015-12-18,103.28067779541016
2015-12-21,104.42794036865234
2015-12-22,105.11444091796875
2015-12-23,105.89491271972656
2015-12-24,105.8760986328125
2015-12-28,105.81969451904297
2015-12-29,107.48413848876953
2015-12-30,106.51554107666016
2015-12-31,105.18965148925781
2016-01-04,102.9703598022461
2016-01-05,102.79168701171875
2016-01-06,101.8043212890625
2016-01-07,98.61646270751953
2016-01-08,97.8077621459961
2016-01-11,98.108642578125
2016-01-12,99.24652099609375
2016-01-13,95.82356262207031
2016-01-14,97.86418914794922
2016-01-15,94.82676696777344
2016-01-19,95.03364562988281
2016-01-20,94.74215698242188
2016-01-21,94.836181640625
2016-01-22,97.58203887939453
2016-01-25,96.13388061523438
2016-01-26,96.99901580810547
2016-01-27,94.58231353759766
2016-01-28,95.91761016845703
2016-01-29,97.92059326171875
2016-02-01,98.18387603759766
2016-02-02,96.05864715576172
2016-02-03,95.59788513183594
2016-02-04,95.58847045898438
2016-02-05,92.26896667480469
2016-02-08,90.85841369628906
2016-02-09,90.5763168334961
2016-02-10,90.92424011230469
2016-02-11,90.79261016845703
2016-02-12,92.17493438720703
2016-02-16,94.25315856933594
2016-02-17,96.38778686523438
2016-02-18,95.2875747680664
2016-02-19,95.56967163085938
2016-02-22,97.12125396728516
2016-02-23,95.52265930175781
2016-02-24,96.43479919433594
2016-02-25,97.38455200195312
2016-02-26,97.2623291015625
2016-02-29,96.38778686523438
2016-03-01,99.48160552978516
2016-03-02,99.51921081542969
2016-03-03,99.33113098144531
2016-03-04,99.36876678466797
2016-03-07,98.75752258300781
2016-03-08,97.93940734863281
2016-03-09,98.5694351196289
2016-03-10,98.41898345947266
2016-03-11,100.13984680175781
2016-03-14,100.30912780761719
2016-03-15,100.2715072631836
2016-03-16,101.16485595703125
2016-03-17,101.10843658447266
2016-03-18,101.26689147949219
2016-03-21,101.66301727294922
2016-03-22,101.97425842285156
2016-03-23,101.13487243652344
2016-03-24,101.16313171386719
2016-03-28,101.02169036865234
2016-03-29,102.64389038085938
2016-03-30,103.1437759399414
2016-03-31,102.99287414550781
2016-04-01,104.08692932128906
2016-04-04,103.6908187866211
2016-04-05,102.6910400390625
2016-04-06,104.3792953491211
2016-04-07,102.87968444824219
2016-04-08,102.80424499511719
2016-04-11,102.42697143554688
2016-04-12,103.28526306152344
2016-04-13,104.60565185546875
2016-04-14,104.61511993408203
2016-04-15,104.35102081298828
2016-04-18,104.90750122070312
2016-04-19,104.26610565185547
2016-04-20,104.35102081298828
2016-04-21,104.36044311523438
2016-04-22,102.7853775024414
2016-04-25,102.7853775024414
2016-04-26,102.2854995727539
2016-04-27,101.4649429321289
2016-04-28,100.23885345458984
2016-04-29,99.7106704711914
2016-05-02,100.6538314819336
2016-05-03,99.72010803222656
2016-05-04,99.07876586914062
2016-05-05,99.05046844482422
2016-05-06,99.57864379882812
2016-05-09,99.86157989501953
2016-05-10,101.22913360595703
2016-05-11,100.31431579589844
2016-05-12,99.87101745605469
2016-05-13,99.50316619873047
2016-05-16,100.74815368652344
2016-05-17,99.48433685302734
2016-05-18,99.84269714355469
2016-05-19,99.323974609375
2016-05-20,100.41806030273438
2016-05-23,100.28602600097656
2016-05-24,102.29491424560547
2016-05-25,103.0306167602539
2016-05-26,103.33240509033203
2016-05-27,103.8699951171875
2016-05-31,104.06805419921875
2016-06-01,104.0775146484375
2016-06-02,104.29442596435547
2016-06-03,103.8039779663086
2016-06-06,104.18125915527344
2016-06-07,103.91717529296875
2016-06-08,104.09637451171875
2016-06-09,103.92657470703125
2016-06-10,102.74764251708984
2016-06-13,101.88938903808594
2016-06-14,101.88938903808594
2016-06-15,101.59701538085938
2016-06-16,101.89878845214844
2016-06-17,100.70439910888672
2016-06-20,101.33799743652344
2016-06-21,101.65955352783203
2016-06-22,101.4136734008789
2016-06-23,102.86053466796875
2016-06-24,98.62394714355469
2016-06-27,96.66641998291016
2016-06-28,98.78470611572266
2016-06-29,100.53418731689453
2016-06-30,101.6973876953125
2016-07-01,102.20804595947266
2016-07-05,101.58392333984375
2016-07-06,102.41606903076172
2016-07-07,102.71870422363281
2016-07-08,104.30742645263672
2016-07-11,104.90320587158203
2016-07-12,105.43275451660156
2016-07-13,105.17744445800781
2016-07-14,105.89614868164062
2016-07-15,105.72593688964844
2016-07-18,106.42572021484375
2016-07-19,106.03800201416016
2016-07-20,107.27684020996094
2016-07-21,107.03094482421875
2016-07-22,107.47542572021484
2016-07-25,107.4848861694336
2016-07-26,107.60782623291016
2016-07-27,108.35488891601562
2016-07-28,108.7331771850586
2016-07-29,108.96959686279297
2016-08-01,109.54643249511719
2016-08-02,108.71424865722656
2016-08-03,109.07357788085938
2016-08-04,109.38565063476562
2016-08-05,110.43537902832031
2016-08-08,110.31242370605469
2016-08-09,110.5677490234375
2016-08-10,110.28404998779297
2016-08-11,110.75691223144531
2016-08-12,110.8325424194336
2016-08-15,111.30538940429688
2016-08-16,110.69070434570312
2016-08-17,110.88931274414062
2016-08-18,110.91766357421875
2016-08-19,110.88931274414062
2016-08-22,110.97441101074219
2016-08-23,111.17300415039062
2016-08-24,110.45426177978516
2016-08-25,110.27460479736328
2016-08-26,110.43537902832031
2016-08-29,110.58667755126953
2016-08-30,110.22731018066406
2016-08-31,110.11384582519531
2016-09-01,110.39754486083984
2016-09-02,110.75691223144531
2016-09-06,111.44722747802734
2016-09-07,111.51343536376953
2016-09-08,110.86094665527344
2016-09-09,108.07118225097656
2016-09-12,110.00983428955078
2016-09-13,109.02632141113281
2016-09-14,109.54643249511719
2016-09-15,111.24864196777344
2016-09-16,111.19554138183594
2016-09-19,110.7120590209961
2016-09-20,110.92060852050781
2016-09-21,112.0108642578125
2016-09-22,112.90203094482422
2016-09-23,112.18151092529297
2016-09-26,111.24296569824219
2016-09-27,112.34268188476562
2016-09-28,112.53229522705078
2016-09-29,111.71697235107422
2016-09-30,112.55126953125
2016-10-03,112.39007568359375
2016-10-04,112.21944427490234
2016-10-05,112.61761474609375
2016-10-06,112.56072235107422
2016-10-07,112.31423950195312
2016-10-10,113.02527618408203
2016-10-11,111.4135971069336
2016-10-12,111.31878662109375
2016-10-13,110.92060852050781
2016-10-14,111.0533447265625
2016-10-17,110.74998474121094
2016-10-18,111.73594665527344
2016-10-19,111.72644805908203
2016-10-20,111.59373474121094
2016-10-21,112.0108642578125
2016-10-24,113.3570785522461
2016-10-25,112.9968490600586
2016-10-26,112.22891998291016
2016-10-27,111.71697235107422
2016-10-28,111.01543426513672
2016-10-31,110.9111328125
2016-11-01,110.0768814086914
2016-11-02,109.19519805908203
2016-11-03,108.12391662597656
2016-11-04,107.74470520019531
2016-11-07,110.30438995361328
2016-11-08,111.02489471435547
2016-11-09,111.5368423461914
2016-11-10,109.73556518554688
2016-11-11,109.78298950195312
2016-11-14,108.67378997802734
2016-11-15,110.1811752319336
2016-11-16,110.8353271484375
2016-11-17,111.64112091064453
2016-11-18,111.2239990234375
2016-11-21,112.38059997558594
2016-11-22,112.72188568115234
2016-11-23,112.266845703125
2016-11-25,112.62708282470703
2016-11-28,112.37114715576172
2016-11-29,112.75982666015625
2016-11-30,111.39464569091797
2016-12-01,109.47013092041016
2016-12-02,109.68816375732422
2016-12-05,110.54138946533203
2016-12-06,110.80684661865234
2016-12-07,112.20995330810547
2016-12-08,112.4090576171875
2016-12-09,113.29071807861328
2016-12-12,112.77877044677734
2016-12-13,114.20085906982422
2016-12-14,113.96381378173828
2016-12-15,114.14396667480469
2016-12-16,113.72083282470703
2016-12-19,114.18673706054688
2016-12-20,114.62416076660156
2016-12-21,114.53858184814453
2016-12-22,114.21527862548828
2016-12-23,114.29135131835938
2016-12-27,114.8808822631836
2016-12-28,113.98706817626953
2016-12-29,113.825439453125
2016-12-30,112.65589904785156
2017-01-03,113.66377258300781
2017-01-04,114.28182220458984
2017-01-05,114.92843627929688
2017-01-06,115.93629455566406
2017-01-09,116.31664276123047
2017-01-10,116.5733871459961
2017-01-11,116.88715362548828
2017-01-12,116.70648193359375
2017-01-13,117.10585021972656
2017-01-17,116.7540283203125
2017-01-18,116.9917221069336
2017-01-19,116.93467712402344
2017-01-20,117.19141387939453
2017-01-23,117.28651428222656
2017-01-24,118.07569885253906
2017-01-25,119.26424407958984
2017-01-26,119.38786315917969
2017-01-27,119.61608123779297
2017-01-30,118.6842269897461
2017-01-31,118.446533203125
2017-02-01,119.26424407958984
2017-02-02,119.15966033935547
2017-02-03,119.50196075439453
2017-02-06,119.64459228515625
2017-02-07,120.08197021484375
2017-02-08,120.28165435791016
2017-02-09,120.71905517578125
2017-02-10,121.1183853149414
2017-02-13,121.80298614501953
2017-02-14,122.21188354492188
2017-02-15,122.93449401855469
2017-02-16,122.8964614868164
2017-02-17,123.4289321899414
2017-02-21,124.03749084472656
2017-02-22,124.08502960205078
2017-02-23,123.61909484863281
2017-02-24,123.85684204101562
2017-02-27,124.00896453857422
2017-02-28,123.6286392211914
2017-03-01,124.97882080078125
2017-03-02,124.35126495361328
2017-03-03,124.57946014404297
2017-03-06,124.3037338256836
2017-03-07,124.09452056884766
2017-03-08,124.31324005126953
2017-03-09,124.40829467773438
2017-03-10,124.93131256103516
2017-03-13,125.14046478271484
2017-03-14,124.8361587524414
2017-03-15,125.60636138916016
2017-03-16,125.52078247070312
2017-03-17,125.47696685791016
2017-03-20,125.5913314819336
2017-03-21,123.6856689453125
2017-03-22,124.524169921875
2017-03-23,124.20975494384766
2017-03-24,124.46698760986328
2017-03-27,124.6670913696289
2017-03-28,125.42929077148438
2017-03-29,126.01055145263672
2017-03-30,126.22016143798828
2017-03-31,126.1344223022461
2017-04-03,126.0582046508789
2017-04-04,126.25831604003906
2017-04-05,125.74378204345703
2017-04-06,125.81044006347656
2017-04-07,125.74378204345703
2017-04-10,125.79143524169922
2017-04-11,125.24829864501953
2017-04-12,124.7432861328125
2017-04-13,124.2478256225586
2017-04-17,125.27686309814453
2017-04-18,125.08633422851562
2017-04-19,125.28639221191406
2017-04-20,126.33448791503906
2017-04-21,126.30593872070312
2017-04-24,127.8304214477539
2017-04-25,128.7546844482422
2017-04-26,128.57363891601562
2017-04-27,129.34542846679688
2017-04-28,129.57412719726562
2017-05-01,130.72702026367188
2017-05-02,130.94615173339844
2017-05-03,130.52694702148438
2017-05-04,130.57455444335938
2017-05-05,131.05096435546875
2017-05-08,131.33682250976562
2017-05-09,131.7941436767578
2017-05-10,131.8704071044922
2017-05-11,131.7655792236328
2017-05-12,132.0609588623047
2017-05-15,132.48020935058594
2017-05-16,133.0328369140625
2017-05-17,129.65032958984375
2017-05-18,130.7841796875
2017-05-19,131.33682250976562
2017-05-22,132.4420928955078
2017-05-23,132.57546997070312
2017-05-24,133.18527221679688
2017-05-25,134.31915283203125
2017-05-26,134.55731201171875
2017-05-30,134.67172241210938
2017-05-31,134.6240692138672
2017-06-01,135.14808654785156
2017-06-02,136.69168090820312
2017-06-05,136.66307067871094
2017-06-06,136.11996459960938
2017-06-07,136.65353393554688
2017-06-08,136.7964324951172
2017-06-09,133.37583923339844
2017-06-12,132.66123962402344
2017-06-13,133.7379150390625
2017-06-14,133.15670776367188
2017-06-15,132.56597900390625
2017-06-16,131.99078369140625
2017-06-19,134.1978302001953
2017-06-20,133.14683532714844
2017-06-21,134.46531677246094
2017-06-22,134.4270782470703
2017-06-23,134.9430389404297
2017-06-26,134.3125
2017-06-27,131.87611389160156
2017-06-28,133.77740478515625
2017-06-29,131.4557647705078
2017-06-30,131.5035400390625
2017-07-03,130.11817932128906
2017-07-05,131.39845275878906
2017-07-06,130.21371459960938
2017-07-07,131.61819458007812
2017-07-10,132.47802734375
2017-07-11,132.85064697265625
2017-07-12,134.4270782470703
2017-07-13,134.72328186035156
2017-07-14,135.7838134765625
2017-07-17,135.8506622314453
2017-07-18,136.75831604003906
2017-07-19,137.5608673095703
2017-07-20,137.74244689941406
2017-07-21,137.68507385253906
2017-07-24,138.31568908691406
2017-07-25,137.96217346191406
2017-07-26,138.4111785888672
2017-07-27,137.54176330566406
2017-07-28,137.42709350585938
2017-07-31,136.8443603515625
2017-08-01,137.1595916748047
2017-08-02,137.53219604492188
2017-08-03,136.99720764160156
2017-08-04,137.24557495117188
2017-08-07,138.11502075195312
2017-08-08,137.87615966796875
2017-08-09,137.69464111328125
2017-08-10,134.74241638183594
2017-08-11,135.76470947265625
2017-08-14,137.51309204101562
2017-08-15,137.60865783691406
2017-08-16,137.84750366210938
2017-08-17,135.02903747558594
2017-08-18,134.9334716796875
2017-08-21,134.76150512695312
2017-08-22,136.8156280517578
2017-08-23,136.32838439941406
2017-08-24,135.92713928222656
2017-08-25,135.64048767089844
2017-08-28,136.0608673095703
2017-08-29,136.5959014892578
2017-08-30,138.2010040283203
2017-08-31,139.68190002441406
2017-09-01,139.49081420898438
2017-09-05,138.2392120361328
2017-09-06,138.65960693359375
2017-09-07,138.9844512939453
2017-09-08,137.78062438964844
2017-09-11,139.36660766601562
2017-09-12,139.7010498046875
2017-09-13,139.89210510253906
2017-09-14,139.07044982910156
2017-09-15,139.54815673828125
2017-09-18,139.3652801513672
2017-09-19,139.60464477539062
2017-09-20,139.1737518310547
2017-09-21,138.32156372070312
2017-09-22,138.1875457763672
2017-09-25,136.73214721679688
2017-09-26,137.08641052246094
2017-09-27,138.32156372070312
2017-09-28,138.27369689941406
2017-09-29,139.26950073242188
2017-10-02,139.3939971923828
2017-10-03,139.69078063964844
2017-10-04,139.82484436035156
2017-10-05,141.19410705566406
2017-10-06,141.38558959960938
2017-10-09,141.22280883789062
2017-10-10,141.3281707763672
2017-10-11,141.74945068359375
2017-10-12,141.49090576171875
2017-10-13,142.03668212890625
2017-10-16,142.52505493164062
2017-10-17,142.7069549560547
2017-10-18,142.53460693359375
2017-10-19,142.0079803466797
2017-10-20,142.39097595214844
2017-10-23,141.4622039794922
2017-10-24,141.70159912109375
2017-10-25,141.16534423828125
2017-10-26,140.71534729003906
2017-10-27,144.81346130371094
2017-10-30,145.1390380859375
2017-10-31,145.68478393554688
2017-11-01,145.63693237304688
2017-11-02,145.3592987060547
2017-11-03,146.75721740722656
2017-11-06,147.25509643554688
2017-11-07,147.34130859375
2017-11-08,147.93495178222656
2017-11-09,147.15936279296875
2017-11-10,147.1497802734375
2017-11-13,147.3317108154297
2017-11-14,146.7955322265625
2017-11-15,146.10610961914062
2017-11-16,147.97323608398438
2017-11-17,147.40830993652344
2017-11-20,147.29342651367188
2017-11-21,148.89244079589844
2017-11-22,149.07435607910156
2017-11-24,149.62014770507812
2017-11-27,149.5531768798828
2017-11-28,149.93614196777344
2017-11-29,147.3221893310547
2017-11-30,148.557373046875
2017-12-01,147.92538452148438
2017-12-04,146.22103881835938
2017-12-05,146.31675720214844
2017-12-06,146.9774627685547
2017-12-07,147.475341796875
2017-12-08,148.12648010253906
2017-12-11,149.275390625
2017-12-12,149.07435607910156
2017-12-13,149.3616485595703
2017-12-14,149.25634765625
2017-12-15,150.9510955810547
2017-12-18,152.2167205810547
2017-12-19,151.3147735595703
2017-12-20,151.15162658691406
2017-12-21,151.17083740234375
2017-12-22,150.9981231689453
2017-12-26,150.18252563476562
2017-12-27,150.20175170898438
2017-12-28,150.38400268554688
2017-12-29,149.4533233642578
2018-01-02,152.07276916503906
2018-01-03,153.55043029785156
2018-01-04,153.8190460205078
2018-01-05,155.36383056640625
2018-01-08,155.96839904785156
2018-01-09,155.97799682617188
2018-01-10,155.6133270263672
2018-01-11,156.67840576171875
2018-01-12,157.829833984375
2018-01-16,157.37887573242188
2018-01-17,159.07717895507812
2018-01-18,159.10598754882812
2018-01-19,159.6049041748047
2018-01-22,161.31289672851562
2018-01-23,162.64659118652344
2018-01-24,161.5911407470703
2018-01-25,161.53355407714844
2018-01-26,164.00904846191406
2018-01-29,163.21270751953125
2018-01-30,161.869384765625
2018-01-31,162.54107666015625
2018-02-01,161.15933227539062
2018-02-02,157.94497680664062
2018-02-05,151.71774291992188
2018-02-06,155.73809814453125
2018-02-07,153.72315979003906
2018-02-08,147.23683166503906
2018-02-09,149.7795867919922
2018-02-12,152.4373779296875
2018-02-13,153.2241668701172
2018-02-14,156.09310913085938
2018-02-15,158.9908447265625
2018-02-16,158.2808074951172
2018-02-20,158.59742736816406
2018-02-21,158.146484375
2018-02-22,158.12725830078125
2018-02-23,161.36082458496094
2018-02-26,163.5005340576172
2018-02-27,161.47596740722656
2018-02-28,160.43972778320312
2018-03-01,157.82022094726562
2018-03-02,159.2691192626953
2018-03-05,161.03463745117188
2018-03-06,161.7158203125
2018-03-07,162.09005737304688
2018-03-08,162.982421875
2018-03-09,166.14877319335938
2018-03-12,167.03155517578125
2018-03-13,164.75750732421875
2018-03-14,164.72869873046875
2018-03-15,164.5847625732422
2018-03-16,164.09542846679688
2018-03-19,160.59426879882812
2018-03-20,161.1228790283203
2018-03-21,160.42129516601562
2018-03-22,156.46170043945312
2018-03-23,152.33871459960938
2018-03-26,157.9993896484375
2018-03-27,152.88650512695312
2018-03-28,151.1277313232422
2018-03-29,153.89564514160156
2018-04-02,149.4554901123047
2018-04-03,151.13735961914062
2018-04-04,153.52084350585938
2018-04-05,154.39537048339844
2018-04-06,150.53192138671875
2018-04-09,151.5890655517578
2018-04-10,154.93356323242188
2018-04-11,154.039794921875
2018-04-12,155.89466857910156
2018-04-13,155.08737182617188
2018-04-16,156.26950073242188
2018-04-17,159.63316345214844
2018-04-18,159.95997619628906
2018-04-19,158.48953247070312
2018-04-20,155.98118591308594
2018-04-23,155.5871124267578
2018-04-24,152.29066467285156
2018-04-25,152.47328186035156
2018-04-26,155.6831817626953
2018-04-27,155.77932739257812
2018-04-30,154.674072265625
2018-05-01,156.44244384765625
2018-05-02,155.51980590820312
2018-05-03,155.50062561035156
2018-05-04,158.45108032226562
2018-05-07,159.7677764892578
2018-05-08,159.6043701171875
2018-05-09,161.34388732910156
2018-05-10,163.01612854003906
2018-05-11,162.86241149902344
2018-05-14,163.1410675048828
2018-05-15,161.33425903320312
2018-05-16,162.40109252929688
2018-05-17,161.77635192871094
2018-05-18,160.9402313232422
2018-05-21,161.84365844726562
2018-05-22,161.63218688964844
2018-05-23,162.99696350097656
2018-05-24,162.94888305664062
2018-05-25,163.11227416992188
2018-05-29,162.39146423339844
2018-05-30,163.55438232421875
2018-05-31,163.4486541748047
2018-06-01,166.0146484375
2018-06-04,167.51393127441406
2018-06-05,168.03294372558594
2018-06-06,169.0132293701172
2018-06-07,167.63890075683594
2018-06-08,167.64849853515625
2018-06-11,168.10018920898438
2018-06-12,168.98439025878906
2018-06-13,168.9747772216797
2018-06-14,170.68548583984375
2018-06-15,170.089599609375
2018-06-18,169.9913330078125
2018-06-19,169.50979614257812
2018-06-20,170.71368408203125
2018-06-21,169.23052978515625
2018-06-22,168.85487365722656
2018-06-25,165.050537109375
2018-06-26,165.72474670410156
2018-06-27,163.47100830078125
2018-06-28,164.8771514892578
2018-06-29,165.32022094726562
2018-07-02,166.42784118652344
2018-07-03,164.5015411376953
2018-07-05,166.5433807373047
2018-07-06,169.13418579101562
2018-07-09,170.6558837890625
2018-07-10,170.78111267089844
2018-07-11,169.91429138183594
2018-07-12,172.84219360351562
2018-07-13,172.98666381835938
2018-07-16,172.572509765625
2018-07-17,173.62237548828125
2018-07-18,173.29486083984375
2018-07-19,172.42808532714844
2018-07-20,172.38955688476562
2018-07-23,172.93853759765625
2018-07-24,173.65121459960938
2018-07-25,176.07830810546875
2018-07-26,173.41043090820312
2018-07-27,171.07003784179688
2018-07-30,168.6526336669922
2018-07-31,169.94322204589844
2018-08-01,170.58851623535156
2018-08-02,172.9096221923828
2018-08-03,173.43936157226562
2018-08-06,174.4602508544922
2018-08-07,175.09593200683594
2018-08-08,175.3077850341797
2018-08-09,175.20187377929688
2018-08-10,173.86314392089844
2018-08-13,173.6705322265625
2018-08-14,174.75885009765625
2018-08-15,172.6206817626953
2018-08-16,173.18893432617188
2018-08-17,173.2274627685547
2018-08-20,173.07334899902344
2018-08-21,173.70904541015625
2018-08-22,174.38319396972656
2018-08-23,174.1327667236328
2018-08-24,175.7508544921875
2018-08-27,177.54225158691406
2018-08-28,177.80230712890625
2018-08-29,179.85374450683594
2018-08-30,179.53591918945312
2018-08-31,179.76705932617188
2018-09-04,178.99658203125
2018-09-05,176.68505859375
2018-09-06,175.1055908203125
2018-09-07,174.43133544921875
2018-09-10,175.01889038085938
2018-09-11,176.3672332763672
2018-09-12,175.84718322753906
2018-09-13,177.72523498535156
2018-09-14,177.2051544189453
2018-09-17,174.65286254882812
2018-09-18,176.0975341796875
2018-09-19,175.9627227783203
2018-09-20,177.9082489013672
2018-09-21,176.9355010986328
2018-09-24,177.42755126953125
2018-09-25,177.6687774658203
2018-09-26,177.79420471191406
2018-09-27,179.2993927001953
2018-09-28,179.26077270507812
2018-10-01,179.62741088867188
2018-10-02,179.22216796875
2018-10-03,179.4151611328125
2018-10-04,175.97061157226562
2018-10-05,173.81898498535156
2018-10-08,172.75765991210938
2018-10-09,173.31729125976562
2018-10-10,165.69488525390625
2018-10-11,163.63978576660156
2018-10-12,168.19387817382812
2018-10-15,166.1580352783203
2018-10-16,170.99197387695312
2018-10-17,171.0594940185547
2018-10-18,167.0939483642578
2018-10-19,166.9395751953125
2018-10-22,167.7982940673828
2018-10-23,167.18081665039062
2018-10-24,159.52943420410156
2018-10-25,165.0484161376953
2018-10-26,160.8030548095703
2018-10-29,157.49363708496094
2018-10-30,160.0890655517578
2018-10-31,163.85203552246094
2018-11-01,166.0133056640625
2018-11-02,163.427490234375
2018-11-05,163.0222625732422
2018-11-06,164.25729370117188
2018-11-07,169.4096221923828
2018-11-08,168.3289794921875
2018-11-09,165.49227905273438
2018-11-12,160.4846954345703
2018-11-13,160.61973571777344
2018-11-14,159.39437866210938
2018-11-15,162.18280029296875
2018-11-16,161.6135711669922
2018-11-19,156.36471557617188
2018-11-20,153.566650390625
2018-11-21,154.73411560058594
2018-11-23,153.61489868164062
2018-11-26,157.1655731201172
2018-11-27,157.69622802734375
2018-11-28,162.7714080810547
2018-11-29,162.24069213867188
2018-11-30,163.41786193847656
2018-12-03,166.27381896972656
2018-12-04,159.89614868164062
2018-12-06,161.0250244140625
2018-12-07,155.70863342285156
2018-12-10,157.33924865722656
2018-12-11,157.86029052734375
2018-12-12,159.2496337890625
2018-12-13,159.2978973388672
2018-12-14,155.419189453125
2018-12-17,151.89747619628906
2018-12-18,152.85264587402344
2018-12-19,149.099365234375
2018-12-20,146.93807983398438
2018-12-21,142.38394165039062
2018-12-24,138.85313415527344
2018-12-26,147.52296447753906
2018-12-27,148.09385681152344
2018-12-28,148.01646423339844
2018-12-31,149.26467895507812
2019-01-02,149.8646240234375
2019-01-03,144.96844482421875
2019-01-04,151.1708984375
2019-01-07,152.97067260742188
2019-01-08,154.35433959960938
2019-01-09,155.61227416992188
2019-01-10,156.05735778808594
2019-01-11,155.4864959716797
2019-01-14,154.11248779296875
2019-01-15,157.1217498779297
2019-01-16,157.0927276611328
2019-01-17,158.33126831054688
2019-01-18,159.8988037109375
2019-01-22,156.69598388671875
2019-01-23,156.899169921875
2019-01-24,157.9151611328125
2019-01-25,159.80203247070312
2019-01-28,157.82809448242188
2019-01-29,156.3379669189453
2019-01-30,160.31488037109375
2019-01-31,162.71458435058594
2019-02-01,162.02760314941406
2019-02-04,164.0402069091797
2019-02-05,165.4916229248047
2019-02-06,164.9981689453125
2019-02-07,162.78228759765625
2019-02-08,163.10159301757812
2019-02-11,162.94680786132812
2019-02-12,165.3561553955078
2019-02-13,165.47227478027344
2019-02-14,165.67550659179688
2019-02-15,166.3721466064453
2019-02-19,166.70115661621094
2019-02-20,166.67210388183594
2019-02-21,166.0625457763672
2019-02-22,167.29141235351562
2019-02-25,167.90098571777344
2019-02-26,168.0751495361328
2019-02-27,167.96873474121094
2019-02-28,167.58168029785156
2019-03-01,168.7428436279297
2019-03-04,168.77182006835938
2019-03-05,168.8976593017578
2019-03-06,167.939697265625
2019-03-07,165.878662109375
2019-03-08,165.62710571289062
2019-03-11,169.07177734375
2019-03-12,170.00074768066406
2019-03-13,171.27798461914062
2019-03-14,170.98768615722656
2019-03-15,172.57460021972656
2019-03-18,172.985595703125
2019-03-19,173.5672149658203
2019-03-20,174.2554473876953
2019-03-21,176.9794464111328
2019-03-22,173.0922088623047
2019-03-25,172.76266479492188
2019-03-26,173.5672149658203
2019-03-27,172.4524383544922
2019-03-28,172.849853515625
2019-03-29,174.15850830078125
2019-04-01,176.4656524658203
2019-04-02,177.13455200195312
2019-04-03,178.1523895263672
2019-04-04,178.08456420898438
2019-04-05,179.0054473876953
2019-04-08,179.46102905273438
2019-04-09,178.83091735839844
2019-04-10,179.7906494140625
2019-04-11,179.3640899658203
2019-04-12,180.13961791992188
2019-04-15,180.1686553955078
2019-04-16,180.78907775878906
2019-04-17,181.4191436767578
2019-04-18,181.65182495117188
2019-04-22,182.16566467285156
2019-04-23,184.482421875
2019-04-24,183.9008026123047
2019-04-25,184.64720153808594
2019-04-26,184.81199645996094
2019-04-29,185.17068481445312
2019-04-30,183.7359619140625
2019-05-01,183.14468383789062
2019-05-02,182.3498077392578
2019-05-03,185.25791931152344
2019-05-06,184.12376403808594
2019-05-07,180.53707885742188
2019-05-08,180.0814666748047
2019-05-09,179.11209106445312
2019-05-10,179.33502197265625
2019-05-13,173.11158752441406
2019-05-14,175.01158142089844
2019-05-15,177.4835205078125
2019-05-16,179.26718139648438
2019-05-17,177.43502807617188
2019-05-20,174.4396514892578
2019-05-21,176.26210021972656
2019-05-22,175.47691345214844
2019-05-23,172.7917022705078
2019-05-24,172.70449829101562
2019-05-28,172.0549774169922
2019-05-29,170.63967895507812
2019-05-30,171.35704040527344
2019-05-31,168.62339782714844
2019-06-03,164.91065979003906
2019-06-04,169.55397033691406
2019-06-05,170.81417846679688
2019-06-06,172.17129516601562
2019-06-07,175.49630737304688
2019-06-10,177.54164123535156
2019-06-11,177.78402709960938
2019-06-12,176.7564697265625
2019-06-13,177.8034210205078
2019-06-14,177.04727172851562
2019-06-17,178.11361694335938
2019-06-18,180.7018585205078
2019-06-19,181.38043212890625
2019-06-20,183.06712341308594
2019-06-21,182.79571533203125
2019-06-24,182.80154418945312
2019-06-25,179.6635284423828
2019-06-26,180.4990234375
2019-06-27,181.18881225585938
2019-06-28,181.42198181152344
2019-07-01,183.8702392578125
2019-07-02,184.5988311767578
2019-07-03,185.98812866210938
2019-07-05,185.60922241210938
2019-07-08,184.30740356445312
2019-07-09,185.23037719726562
2019-07-10,187.0762176513672
2019-07-11,186.94020080566406
2019-07-12,188.01861572265625
2019-07-15,188.62095642089844
2019-07-16,187.64939880371094
2019-07-17,186.7264862060547
2019-07-18,186.94020080566406
2019-07-19,185.57037353515625
2019-07-22,187.04708862304688
2019-07-23,188.2711944580078
2019-07-24,189.59246826171875
2019-07-25,187.795166015625
2019-07-26,189.72850036621094
2019-07-29,189.07757568359375
2019-07-30,188.26145935058594
2019-07-31,185.65782165527344
2019-08-01,184.73486328125
2019-08-02,182.0146026611328
2019-08-05,175.5831298828125
2019-08-06,178.0410919189453
2019-08-07,179.00291442871094
2019-08-08,182.89866638183594
2019-08-09,181.1791229248047
2019-08-12,179.1000518798828
2019-08-13,183.02496337890625
2019-08-14,177.55531311035156
2019-08-15,177.351318359375
2019-08-16,180.19786071777344
2019-08-19,183.06385803222656
2019-08-20,181.6454315185547
2019-08-21,183.25816345214844
2019-08-22,182.66555786132812
2019-08-23,176.8849639892578
2019-08-26,179.5566864013672
2019-08-27,179.177734375
2019-08-28,179.81898498535156
2019-08-29,182.56842041015625
2019-08-30,182.1311798095703
2019-09-03,180.36302185058594
2019-09-04,182.9667205810547
2019-09-05,186.31845092773438
2019-09-06,186.13381958007812
2019-09-09,185.74525451660156
2019-09-10,185.21087646484375
2019-09-11,186.94993591308594
2019-09-12,187.72714233398438
2019-09-13,187.05682373046875
2019-09-16,186.22129821777344
2019-09-17,187.1151123046875
2019-09-18,187.037353515625
2019-09-19,187.34828186035156
2019-09-20,185.36634826660156
2019-09-23,185.44813537597656
2019-09-24,182.98521423339844
2019-09-25,185.0392608642578
2019-09-26,184.35780334472656
2019-09-27,182.07012939453125
2019-09-30,183.80294799804688
2019-10-01,182.3037567138672
2019-10-02,179.169189453125
2019-10-03,181.13560485839844
2019-10-04,183.80294799804688
2019-10-07,183.24806213378906
2019-10-08,180.50286865234375
2019-10-09,182.26483154296875
2019-10-10,183.67637634277344
2019-10-11,186.04193115234375
2019-10-14,186.02249145507812
2019-10-15,188.38804626464844
2019-10-16,187.9207305908203
2019-10-17,188.41725158691406
2019-10-18,186.60659790039062
2019-10-21,188.26144409179688
2019-10-22,186.7623291015625
2019-10-23,187.12254333496094
2019-10-24,188.9429168701172
2019-10-25,190.45179748535156
2019-10-28,192.3306121826172
2019-10-29,190.84124755859375
2019-10-30,191.7659912109375
2019-10-31,191.85360717773438
2019-11-01,193.5961456298828
2019-11-04,194.7935333251953
2019-11-05,194.90061950683594
2019-11-06,194.46255493164062
2019-11-07,195.11480712890625
2019-11-08,195.8935546875
2019-11-11,195.63075256347656
2019-11-12,196.19534301757812
2019-11-13,196.24404907226562
2019-11-14,196.08827209472656
2019-11-15,197.52902221679688
2019-11-18,197.68479919433594
2019-11-19,197.97682189941406
2019-11-20,196.7891845703125
2019-11-21,196.35110473632812
2019-11-22,196.47767639160156
2019-11-25,198.8042755126953
2019-11-26,199.18397521972656
2019-11-27,200.57603454589844
2019-11-29,199.6609344482422
2019-12-02,197.61663818359375
2019-12-03,196.0688018798828
2019-12-04,197.061767578125
2019-12-05,197.451171875
2019-12-06,199.56358337402344
2019-12-09,198.6582794189453
2019-12-10,198.49276733398438
2019-12-11,199.5441436767578
2019-12-12,201.0335693359375
2019-12-13,201.69552612304688
2019-12-16,203.72039794921875
2019-12-17,203.83717346191406
2019-12-18,203.99295043945312
2019-12-19,205.26821899414062
2019-12-20,206.09567260742188
2019-12-23,206.64002990722656
2019-12-24,206.7473602294922
2019-12-26,208.5717010498047
2019-12-27,208.39610290527344
2019-12-30,207.03028869628906
2019-12-31,207.4204864501953
2020-01-02,210.8838653564453
2020-01-03,208.9521942138672
2020-01-06,210.2985076904297
2020-01-07,210.26925659179688
2020-01-08,211.84971618652344
2020-01-09,213.64476013183594
2020-01-10,213.0984344482422
2020-01-13,215.5569610595703
2020-01-14,214.70816040039062
2020-01-15,214.7959747314453
2020-01-16,216.8544464111328
2020-01-17,217.9276580810547
2020-01-21,217.830078125
2020-01-22,218.4056854248047
2020-01-23,219.10806274414062
2020-01-24,217.2642364501953
2020-01-27,212.77647399902344
2020-01-28,216.0447235107422
2020-01-29,216.39593505859375
2020-01-30,217.1666717529297
2020-01-31,213.72283935546875
2020-02-03,216.95204162597656
2020-02-04,221.91781616210938
2020-02-05,222.6494903564453
2020-02-06,224.57142639160156
2020-02-07,223.60557556152344
2020-02-10,226.30795288085938
2020-02-11,226.34698486328125
2020-02-12,228.5518341064453
2020-02-13,228.25912475585938
2020-02-14,228.9127960205078
2020-02-18,229.00062561035156
2020-02-19,231.1956787109375
2020-02-20,229.0493621826172
2020-02-21,224.64947509765625
2020-02-24,215.98617553710938
2020-02-25,210.1131591796875
2020-02-26,211.196044921875
2020-02-27,200.62062072753906
2020-02-28,200.77674865722656
2020-03-02,211.13754272460938
2020-03-03,204.36692810058594
2020-03-04,212.8936004638672
2020-03-05,206.42539978027344
2020-03-06,202.94253540039062
2020-03-09,188.8452606201172
2020-03-10,199.12799072265625
2020-03-11,190.45501708984375
2020-03-12,172.9918975830078
2020-03-13,187.645263671875
2020-03-16,165.16763305664062
2020-03-17,177.69424438476562
2020-03-18,172.28945922851562
2020-03-19,173.3235626220703
2020-03-20,166.53343200683594
2020-03-23,166.65371704101562
2020-03-24,179.5589599609375
2020-03-25,178.22935485839844
2020-03-26,187.614990234375
2020-03-27,181.162353515625
2020-03-30,187.75184631347656
2020-03-31,186.14845275878906
2020-04-01,178.23910522460938
2020-04-02,181.8564910888672
2020-04-03,179.27545166015625
2020-04-06,192.09271240234375
2020-04-07,192.0144805908203
2020-04-08,196.0913848876953
2020-04-09,196.37489318847656
2020-04-13,198.4964599609375
2020-04-14,207.12928771972656
2020-04-15,204.75352478027344
2020-04-16,208.4882354736328
2020-04-17,210.48269653320312
2020-04-20,207.98963928222656
2020-04-21,200.31492614746094
2020-04-22,206.25912475585938
2020-04-23,205.81922912597656
2020-04-24,209.0650634765625
2020-04-27,210.7466583251953
2020-04-28,206.77732849121094
2020-04-29,214.10984802246094
2020-04-30,214.02188110351562
2020-05-01,207.98963928222656
2020-05-04,210.4142608642578
2020-05-05,212.79978942871094
2020-05-06,214.10984802246094
2020-05-07,216.86688232421875
2020-05-08,219.8389892578125
2020-05-11,221.80410766601562
2020-05-12,217.16015625
2020-05-13,214.44224548339844
2020-05-14,216.87667846679688
2020-05-15,218.28451538085938
2020-05-18,222.35159301757812
2020-05-19,221.79434204101562
2020-05-20,226.22320556640625
2020-05-21,223.75946044921875
2020-05-22,224.53179931640625
2020-05-26,223.92564392089844
2020-05-27,225.14773559570312
2020-05-28,224.85446166992188
2020-05-29,228.14920043945312
2020-06-01,228.83358764648438
2020-06-02,230.36849975585938
2020-06-03,231.4048309326172
2020-06-04,229.78192138671875
2020-06-05,234.33782958984375
2020-06-08,236.15631103515625
2020-06-09,237.8672637939453
2020-06-10,240.72206115722656
2020-06-11,228.7944793701172
2020-06-12,230.61293029785156
2020-06-15,233.41883850097656
2020-06-16,237.42730712890625
2020-06-17,238.1800994873047
2020-06-18,238.8253631591797
2020-06-19,238.78622436523438
2020-06-22,241.64993286132812
2020-06-23,243.70660400390625
2020-06-24,238.68243408203125
2020-06-25,240.95457458496094
2020-06-26,235.26441955566406
2020-06-29,237.8303680419922
2020-06-30,242.4921875
2020-07-01,245.32257080078125
2020-07-02,246.98751831054688
2020-07-06,253.05960083007812
2020-07-07,251.31629943847656
2020-07-08,254.6265869140625
2020-07-09,256.77142333984375
2020-07-10,258.52447509765625
2020-07-13,253.20652770996094
2020-07-14,254.99876403808594
2020-07-15,255.51785278320312
2020-07-16,253.77456665039062
2020-07-17,254.06837463378906
2020-07-20,261.2764587402344
2020-07-21,258.5538330078125
2020-07-22,259.4646301269531
2020-07-23,252.68743896484375
2020-07-24,250.2879638671875
2020-07-27,254.75387573242188
2020-07-28,251.51219177246094
2020-07-29,254.41114807128906
2020-07-30,255.74305725097656
2020-07-31,260.3070373535156
2020-08-03,263.8228759765625
2020-08-04,264.8022766113281
2020-08-05,265.45843505859375
2020-08-06,268.97430419921875
2020-08-07,265.8697204589844
2020-08-10,264.733642578125
2020-08-11,259.7193908691406
2020-08-12,266.2516784667969
2020-08-13,266.8589172363281
2020-08-14,266.5455017089844
2020-08-17,269.6403503417969
2020-08-18,272.23565673828125
2020-08-19,270.4042053222656
2020-08-20,274.1552429199219
2020-08-21,276.0552978515625
2020-08-24,277.7789306640625
2020-08-25,279.9628601074219
2020-08-26,285.93707275390625
2020-08-27,285.0459289550781
2020-08-28,286.495361328125
2020-08-31,288.7968444824219
2020-09-01,293.7328796386719
2020-09-02,296.5142517089844
2020-09-03,281.48095703125
2020-09-04,277.7299499511719
2020-09-08,264.381103515625
2020-09-09,272.1475524902344
2020-09-10,266.72186279296875
2020-09-11,264.87078857421875
2020-09-14,269.483642578125
2020-09-15,273.3031311035156
2020-09-16,268.9449768066406
2020-09-17,264.74346923828125
2020-09-18,261.36468505859375
2020-09-21,261.9914245605469
2020-09-22,266.8589172363281
2020-09-23,258.7105407714844
2020-09-24,259.9152526855469
2020-09-25,265.9579162597656
2020-09-28,271.4815979003906
2020-09-29,270.25738525390625
2020-09-30,272.1084289550781
2020-10-01,276.42742919921875
2020-10-02,268.6512451171875
2020-10-05,274.3805236816406
2020-10-06,269.483642578125
2020-10-07,274.14544677734375
2020-10-08,275.604736328125
2020-10-09,279.8160400390625
2020-10-12,288.45404052734375
2020-10-13,288.44427490234375
2020-10-14,286.03497314453125
2020-10-15,284.115478515625
2020-10-16,282.5582275390625
2020-10-19,277.9454345703125
2020-10-20,278.5428161621094
2020-10-21,278.3273620605469
2020-10-22,278.3175354003906
2020-10-23,278.865966796875
2020-10-26,274.6841125488281
2020-10-27,276.8288879394531
2020-10-28,266.03631591796875
2020-10-29,270.68829345703125
2020-10-30,263.8228759765625
2020-11-02,264.4105224609375
2020-11-03,268.9842224121094
2020-11-04,280.99127197265625
2020-11-05,288.31695556640625
2020-11-06,288.53240966796875
2020-11-09,282.6365661621094
2020-11-10,277.5732421875
2020-11-11,283.7825012207031
2020-11-12,282.4505615234375
2020-11-13,284.9283447265625
2020-11-16,287.1515197753906
2020-11-17,286.2406921386719
2020-11-18,284.12518310546875
2020-11-19,286.348388671875
2020-11-20,284.3896789550781
2020-11-23,284.3995056152344
2020-11-24,288.3953552246094
2020-11-25,290.16790771484375
2020-11-27,292.8416442871094
2020-11-30,293.4390869140625
2020-12-01,297.1998596191406
2020-12-02,297.5818176269531
2020-12-03,298.0028991699219
2020-12-04,299.2173767089844
2020-12-07,300.91168212890625
2020-12-08,301.9302978515625
2020-12-09,295.09417724609375
2020-12-10,296.27911376953125
2020-12-11,295.623046875
2020-12-14,297.76788330078125
2020-12-15,300.9508361816406
2020-12-16,302.6059265136719
2020-12-17,304.5843200683594
2020-12-18,303.6636657714844
2020-12-21,303.0955810546875
2020-12-22,303.91973876953125
2020-12-23,302.38916015625
2020-12-24,303.7235412597656
2020-12-28,306.78472900390625
2020-12-29,307.0594177246094
2020-12-30,307.0692443847656
2020-12-31,307.82476806640625
2021-01-04,303.4782409667969
2021-01-05,305.9801330566406
2021-01-06,301.74163818359375
2021-01-07,309.04132080078125
2021-01-08,313.01495361328125
2021-01-11,308.4919128417969
2021-01-12,308.0013427734375
2021-01-13,310.081298828125
2021-01-14,308.4232177734375
2021-01-15,305.9801330566406
2021-01-19,310.4444580078125
2021-01-20,317.6655578613281
2021-01-21,320.206787109375
2021-01-22,319.2844543457031
2021-01-25,321.9237976074219
2021-01-26,322.39471435546875
2021-01-27,313.4074401855469
2021-01-28,315.2618408203125
2021-01-29,308.6292419433594
2021-02-01,316.3410339355469
2021-02-02,321.501953125
2021-02-03,320.22637939453125
2021-02-04,324.0135803222656
2021-02-05,325.11248779296875
2021-02-08,327.2906188964844
2021-02-09,327.22198486328125
2021-02-10,326.476318359375
2021-02-11,328.27178955078125
2021-02-12,330.1065673828125
2021-02-16,329.2137451171875
2021-02-17,327.6341247558594
2021-02-18,326.2016296386719
2021-02-19,324.7789306640625
2021-02-22,316.3607177734375
2021-02-23,315.41876220703125
2021-02-24,318.0188293457031
2021-02-25,306.93182373046875
2021-02-26,308.2171630859375
2021-03-01,317.489013671875
2021-03-02,312.39691162109375
2021-03-03,303.33111572265625
2021-03-04,298.3664245605469
2021-03-05,302.8601379394531
2021-03-08,294.284912109375
2021-03-09,305.8918762207031
2021-03-10,305.0186462402344
2021-03-11,312.0436706542969
2021-03-12,309.5122985839844
2021-03-15,312.8187561035156
2021-03-16,314.5357666015625
2021-03-17,315.83087158203125
2021-03-18,306.1567687988281
2021-03-19,307.236083984375
2021-03-22,312.9977111816406
2021-03-23,311.6321716308594
2021-03-24,306.3764343261719
2021-03-25,305.845947265625
2021-03-26,310.43365478515625
2021-03-29,310.34527587890625
2021-03-30,308.7832946777344
2021-03-31,313.5085754394531
2021-04-01,318.85272216796875
2021-04-05,325.2186279296875
2021-04-06,324.9926452636719
2021-04-07,325.77850341796875
2021-04-08,329.17755126953125
2021-04-09,331.1719055175781
2021-04-12,330.7396240234375
2021-04-13,334.6003112792969
2021-04-14,330.58245849609375
2021-04-15,335.5925598144531
2021-04-16,335.9855041503906
2021-04-19,332.9106750488281
2021-04-20,330.4842224121094
2021-04-21,333.3134765625
2021-04-22,329.29547119140625
2021-04-23,333.4411315917969
2021-04-26,335.6121826171875
2021-04-27,334.1582946777344
2021-04-28,333.028564453125
2021-04-29,334.22705078125
2021-04-30,332.036376953125
2021-05-03,330.26806640625
2021-05-04,324.3246154785156
2021-05-05,323.2341613769531
2021-05-06,325.6705322265625
2021-05-07,328.3131103515625
2021-05-10,320.0217590332031
2021-05-11,319.5797119140625
2021-05-12,311.3080139160156
2021-05-13,313.71484375
2021-05-14,320.64068603515625
2021-05-17,318.6955261230469
2021-05-18,316.5440979003906
2021-05-19,316.90765380859375
2021-05-20,323.0376281738281
2021-05-21,321.2497863769531
2021-05-24,326.6528625488281
2021-05-25,327.104736328125
2021-05-26,328.24432373046875
2021-05-27,327.0163269042969
2021-05-28,328.0478515625
2021-06-01,326.9573974609375
2021-06-02,327.5959777832031
2021-06-03,324.1870422363281
2021-06-04,329.6883850097656
2021-06-07,330.6708068847656
2021-06-08,330.8280334472656
2021-06-09,330.9066467285156
2021-06-10,334.35479736328125
2021-06-11,335.2290954589844
2021-06-14,338.44146728515625
2021-06-15,336.2311706542969
2021-06-16,335.003173828125
2021-06-17,339.2568664550781
2021-06-18,336.5946044921875
2021-06-21,338.68658447265625
2021-06-22,341.84368896484375
2021-06-23,342.0108642578125
2021-06-24,344.1254577636719
2021-06-25,343.7024841308594
2021-06-28,347.88250732421875
2021-06-29,349.14141845703125
2021-06-30,348.59063720703125
2021-07-01,348.7283020019531
2021-07-02,352.7312927246094
2021-07-06,354.2557678222656
2021-07-07,355.0032043457031
2021-07-08,352.8591003417969
2021-07-09,355.062255859375
2021-07-12,356.4490051269531
2021-07-13,356.4490051269531
2021-07-14,357.0882873535156
2021-07-15,354.58026123046875
2021-07-16,351.70843505859375
2021-07-19,348.8267517089844
2021-07-20,352.87884521484375
2021-07-21,355.6031494140625
2021-07-22,357.9537658691406
2021-07-23,362.1337890625
2021-07-26,362.4189758300781
2021-07-27,358.4259033203125
2021-07-28,359.80279541015625
2021-07-29,360.442138671875
2021-07-30,358.5635986328125
2021-08-02,358.5931396484375
2021-08-03,360.7666320800781
2021-08-04,361.2878723144531
2021-08-05,363.57958984375
2021-08-06,361.9862976074219
2021-08-09,362.6550598144531
2021-08-10,360.79620361328125
2021-08-11,360.1765441894531
2021-08-12,361.47479248046875
2021-08-13,362.7435302734375
2021-08-16,362.90093994140625
2021-08-17,359.7044677734375
2021-08-18,356.242431640625
2021-08-19,357.9636535644531
2021-08-20,361.67156982421875
2021-08-23,367.0809326171875
2021-08-24,368.20208740234375
2021-08-25,368.62506103515625
2021-08-26,366.2842712402344
2021-08-27,369.8446044921875
2021-08-30,373.99505615234375
2021-08-31,373.6902160644531
2021-09-01,374.3097839355469
2021-09-02,374.13275146484375
2021-09-03,375.28350830078125
2021-09-07,375.8145446777344
2021-09-08,374.5065002441406
2021-09-09,373.2181396484375
2021-09-10,370.38555908203125
2021-09-13,370.12982177734375
2021-09-14,369.07745361328125
2021-09-15,371.82147216796875
2021-09-16,372.0772399902344
2021-09-17,367.67095947265625
2021-09-20,360.07373046875
2021-09-21,360.51678466796875
2021-09-22,363.8841857910156
2021-09-23,367.24176025390625
2021-09-24,367.5863342285156
2021-09-27,364.6522216796875
2021-09-28,354.3334045410156
2021-09-29,353.7524719238281
2021-09-30,352.4527893066406
2021-10-01,354.6386413574219
2021-10-04,347.1949462890625
2021-10-05,351.8817443847656
2021-10-06,354.1365661621094
2021-10-07,357.3857421875
2021-10-08,355.6035461425781
2021-10-11,352.876220703125
2021-10-12,351.64544677734375
2021-10-13,354.4613952636719
2021-10-14,360.98944091796875
2021-10-15,363.263916015625
2021-10-18,366.91680908203125
2021-10-19,369.6934509277344
2021-10-20,369.21099853515625
2021-10-21,371.46575927734375
2021-10-22,368.3445129394531
2021-10-25,372.1156005859375
2021-10-26,373.2872314453125
2021-10-27,374.1537170410156
2021-10-28,378.3088073730469
2021-10-29,380.169677734375
2021-11-01,381.4693603515625
2021-11-02,383.0645446777344
2021-11-03,387.1309509277344
2021-11-04,392.09344482421875
2021-11-05,392.467529296875
2021-11-08,391.9358215332031
2021-11-09,389.238037109375
2021-11-10,383.5174560546875
2021-11-11,384.5807800292969
2021-11-12,388.6275634765625
2021-11-15,388.5389404296875
2021-11-16,391.3056945800781
2021-11-17,391.5124816894531
2021-11-18,395.569091796875
2021-11-19,397.7746276855469
2021-11-22,393.1567687988281
2021-11-23,391.36480712890625
2021-11-24,392.6250915527344
2021-11-26,385.181396484375
2021-11-29,393.5408630371094
2021-11-30,387.7611083984375
2021-12-01,381.1641845703125
2021-12-02,383.9112548828125
2021-12-03,377.2355651855469
2021-12-06,380.25836181640625
2021-12-07,391.7093811035156
2021-12-08,393.4620361328125
2021-12-09,387.6725158691406
2021-12-10,391.8866271972656
2021-12-13,386.2251281738281
2021-12-14,382.22760009765625
2021-12-15,390.9414978027344
2021-12-16,380.88848876953125
2021-12-17,378.98822021484375
2021-12-20,375.3118591308594
2021-12-21,383.7114562988281
2021-12-22,388.3845520019531
2021-12-23,391.3125915527344
2021-12-27,397.77996826171875
2021-12-28,395.936279296875
2021-12-29,395.877197265625
2021-12-30,394.69415283203125
2021-12-31,392.2294006347656
2022-01-03,396.0053405761719
2022-01-04,390.868896484375
2022-01-05,378.8610534667969
2022-01-06,378.5948486328125
2022-01-07,374.4935302734375
2022-01-10,374.74005126953125
2022-01-11,380.36944580078125
2022-01-12,381.8777770996094
2022-01-13,372.3246765136719
2022-01-14,374.6414794921875
2022-01-18,365.31512451171875
2022-01-19,361.3025817871094
2022-01-20,356.60986328125
2022-01-21,346.7215576171875
2022-01-24,348.3088073730469
2022-01-25,340.2344970703125
2022-01-26,339.7021484375
2022-01-27,336.2811584472656
2022-01-28,346.8299865722656
2022-01-31,357.9210205078125
2022-02-01,360.35614013671875
2022-02-02,363.2842102050781
2022-02-03,348.5552673339844
2022-02-04,352.9522705078125
2022-02-07,350.1129150390625
2022-02-08,354.0465393066406
2022-02-09,361.5491027832031
2022-02-10,353.3663330078125
2022-02-11,342.1569519042969
2022-02-14,342.5809020996094
2022-02-15,351.0988464355469
2022-02-16,351.0101013183594
2022-02-17,340.5697326660156
2022-02-18,336.68536376953125
2022-02-22,333.3038330078125
2022-02-23,324.76617431640625
2022-02-24,335.67974853515625
2022-02-25,340.8851623535156
2022-02-28,341.9006042480469
2022-03-01,336.6656188964844
2022-03-02,342.314697265625
2022-03-03,337.4248046875
2022-03-04,332.5348205566406
2022-03-07,320.2705993652344
2022-03-08,318.7819519042969
2022-03-09,330.2574768066406
2022-03-10,326.59002685546875
2022-03-11,319.81707763671875
2022-03-14,313.6751403808594
2022-03-15,323.51409912109375
2022-03-16,335.5121765136719
2022-03-17,339.573974609375
2022-03-18,346.52435302734375
2022-03-21,345.5609436035156
2022-03-22,352.3522033691406
2022-03-23,347.2883605957031
2022-03-24,355.0074462890625
2022-03-25,354.7113342285156
2022-03-28,360.1995544433594
2022-03-29,366.3984680175781
2022-03-30,362.3514099121094
2022-03-31,357.8601379394531
2022-04-01,357.1790771484375
2022-04-04,364.53289794921875
2022-04-05,356.438720703125
2022-04-06,348.6999816894531
2022-04-07,349.52911376953125
2022-04-08,344.64300537109375
2022-04-11,336.4896240234375
2022-04-12,335.0682373046875
2022-04-13,341.8791809082031
2022-04-14,334.0613708496094
2022-04-18,334.3180236816406
2022-04-19,341.7903137207031
2022-04-20,336.8055114746094
2022-04-21,329.83660888671875
2022-04-22,321.1995849609375
2022-04-25,325.3255615234375
2022-04-26,313.0461730957031
2022-04-27,312.67108154296875
2022-04-28,323.77593994140625
2022-04-29,309.2064208984375
2022-05-02,314.368896484375
2022-05-03,314.7044982910156
2022-05-04,325.3453369140625
2022-05-05,308.9596252441406
2022-05-06,305.2580261230469
2022-05-09,293.314208984375
2022-05-10,296.87762451171875
2022-05-11,288.0727844238281
2022-05-12,287.3916320800781
2022-05-13,298.0423889160156
2022-05-16,294.5876159667969
2022-05-17,302.2178039550781
2022-05-18,287.3818664550781
2022-05-19,285.8419189453125
2022-05-20,284.9535827636719
2022-05-23,289.6916198730469
2022-05-24,283.5321350097656
2022-05-25,287.50030517578125
2022-05-26,295.466064453125
2022-05-27,305.1099853515625
2022-05-31,304.3005676269531
2022-06-01,302.0499572753906
2022-06-02,310.3218078613281
2022-06-03,302.2474365234375
2022-06-06,303.25421142578125
2022-06-07,305.8700256347656
2022-06-08,303.6688537597656
2022-06-09,295.53515625
2022-06-10,285.1114807128906
2022-06-13,271.8548583984375
2022-06-14,272.3484191894531
2022-06-15,279.14947509765625
2022-06-16,267.88677978515625
2022-06-17,271.1441650390625
2022-06-21,277.9849853515625
2022-06-22,277.5795593261719
2022-06-23,281.7134704589844
2022-06-24,291.3659973144531
2022-06-27,289.22979736328125
2022-06-28,280.41790771484375
2022-06-29,280.675048828125
2022-06-30,277.1938171386719
2022-07-01,279.0234680175781
2022-07-05,283.80029296875
2022-07-06,285.6199645996094
2022-07-07,291.7319641113281
2022-07-08,292.097900390625
2022-07-11,285.8573303222656
2022-07-12,283.08819580078125
2022-07-13,282.5046691894531
2022-07-14,283.5134582519531
2022-07-15,288.6562194824219
2022-07-18,286.2133483886719
2022-07-19,295.015380859375
2022-07-20,299.69329833984375
2022-07-21,303.99542236328125
2022-07-22,298.6647033691406
2022-07-25,296.96368408203125
2022-07-26,291.128662109375
2022-07-27,303.4316711425781
2022-07-28,306.3986511230469
2022-07-29,311.9864196777344
2022-08-01,311.79852294921875
2022-08-02,310.868896484375
2022-08-03,319.33465576171875
2022-08-04,320.8280029296875
2022-08-05,318.2071838378906
2022-08-08,317.1786193847656
2022-08-09,313.5885925292969
2022-08-10,322.3411560058594
2022-08-11,320.51153564453125
2022-08-12,326.7520446777344
2022-08-15,329.3927307128906
2022-08-16,328.6211853027344
2022-08-17,324.8729553222656
2022-08-18,325.6542663574219
2022-08-19,319.304931640625
2022-08-22,310.89849853515625
2022-08-23,310.6414489746094
2022-08-24,311.5413818359375
2022-08-25,317.050048828125
2022-08-26,304.0547180175781
2022-08-29,301.0581359863281
2022-08-30,297.7054443359375
2022-08-31,295.97467041015625
2022-09-01,296.103271484375
2022-09-02,291.9198913574219
2022-09-06,289.8232116699219
2022-09-07,295.67803955078125
2022-09-08,297.2109375
2022-09-09,303.7085876464844
2022-09-12,307.31842041015625
2022-09-13,290.466064453125
2022-09-14,292.7703857421875
2022-09-15,287.89471435546875
2022-09-16,286.13427734375
2022-09-19,288.36248779296875
2022-09-20,286.0639343261719
2022-09-21,280.9416809082031
2022-09-22,277.48388671875
2022-09-23,272.9659729003906
2022-09-26,271.8365173339844
2022-09-27,271.9455261230469
2022-09-28,277.3551025390625
2022-09-29,269.3595886230469
2022-09-30,264.79217529296875
2022-10-03,271.0042419433594
2022-10-04,279.5248718261719
2022-10-05,279.3763122558594
2022-10-06,277.1767578125
2022-10-07,266.6152038574219
2022-10-10,263.9500427246094
2022-10-11,260.3238220214844
2022-10-12,260.23468017578125
2022-10-13,266.3377685546875
2022-10-14,258.3323669433594
2022-10-17,266.8628845214844
2022-10-18,268.97320556640625
2022-10-19,267.9923400878906
2022-10-20,266.6250915527344
2022-10-21,272.8768310546875
2022-10-24,275.87884521484375
2022-10-25,281.58563232421875
2022-10-26,275.3636474609375
2022-10-27,270.350341796875
2022-10-28,278.623291015625
2022-10-31,275.3835144042969
2022-11-01,272.5697021484375
2022-11-02,263.2267150878906
2022-11-03,258.0846862792969
2022-11-04,262.2359924316406
2022-11-07,265.119140625
2022-11-08,267.0511169433594
2022-11-09,260.8885498046875
2022-11-10,280.1391296386719
2022-11-11,285.301025390625
2022-11-14,282.8042907714844
2022-11-15,286.7178649902344
2022-11-16,282.8042907714844
2022-11-17,282.1800842285156
2022-11-18,282.1900329589844
2022-11-21,279.2870788574219
2022-11-22,283.3096008300781
2022-11-23,286.153076171875
2022-11-25,284.2706604003906
2022-11-28,280.0994873046875
2022-11-29,277.97930908203125
2022-11-30,290.6511535644531
2022-12-01,291.0078430175781
2022-12-02,289.8486328125
2022-12-05,284.9840087890625
2022-12-06,279.0790100097656
2022-12-07,277.939697265625
2022-12-08,281.2290344238281
2022-12-09,279.43572998046875
2022-12-12,282.9429626464844
2022-12-13,285.98468017578125
2022-12-14,283.86444091796875
2022-12-15,274.3332824707031
2022-12-16,271.7176513671875
2022-12-19,267.8990173339844
2022-12-20,267.6904602050781
2022-12-21,271.5736389160156
2022-12-22,264.9295654296875
2022-12-23,265.5254211425781
2022-12-27,261.7713317871094
2022-12-28,258.31524658203125
2022-12-29,264.6117248535156
2022-12-30,264.4528503417969
2023-01-03,262.6651916503906
2023-01-04,263.91650390625
2023-01-05,259.7850341796875
2023-01-06,266.95550537109375
2023-01-09,268.6836242675781
2023-01-10,270.9578857421875
2023-01-11,275.6455078125
2023-01-12,277.1352233886719
2023-01-13,279.04205322265625
2023-01-17,279.6081237792969
2023-01-18,275.9732360839844
2023-01-19,273.2619323730469
2023-01-20,280.74029541015625
2023-01-23,286.9771728515625
2023-01-24,286.3912353515625
2023-01-25,285.75567626953125
2023-01-26,291.3271484375
2023-01-27,294.2271423339844
2023-01-30,288.2781982421875
2023-01-31,292.5983581542969
2023-02-01,298.85516357421875
2023-02-02,309.5810546875
2023-02-03,304.07904052734375
2023-02-06,301.5068054199219
2023-02-07,307.753662109375
2023-02-08,302.2814636230469
2023-02-09,299.60992431640625
2023-02-10,297.6435241699219
2023-02-13,302.41058349609375
2023-02-14,304.6451416015625
2023-02-15,306.9790344238281
2023-02-16,301.21881103515625
2023-02-17,299.093505859375
2023-02-21,292.0124206542969
2023-02-22,292.23089599609375
2023-02-23,294.7832946777344
2023-02-24,289.84735107421875
2023-02-27,291.9230651855469
2023-02-28,291.5456237792969
2023-03-01,289.2018127441406
2023-03-02,291.59527587890625
2023-03-03,297.6236267089844
2023-03-06,297.9612731933594
2023-03-07,294.3065490722656
2023-03-08,295.7763977050781
2023-03-09,290.6518249511719
2023-03-10,286.57000732421875
2023-03-13,288.6953125
2023-03-14,295.3294982910156
2023-03-15,296.8787841796875
2023-03-16,304.7047119140625
2023-03-17,303.26470947265625
2023-03-20,304.3409118652344
2023-03-21,308.68768310546875
2023-03-22,304.4901123046875
2023-03-23,308.1007995605469
2023-03-24,309.2347412109375
2023-03-27,307.1160888671875
2023-03-28,305.48480224609375
2023-03-29,311.05499267578125
2023-03-30,313.99920654296875
2023-03-31,319.22125244140625
2023-04-03,318.4454040527344
2023-04-04,317.37115478515625
2023-04-05,314.2379455566406
2023-04-06,316.3565673828125
2023-04-10,316.17755126953125
2023-04-11,314.1484069824219
2023-04-12,311.373291015625
2023-04-13,317.47064208984375
2023-04-14,316.87384033203125
2023-04-17,317.1423645019531
2023-04-18,317.16229248046875
2023-04-19,317.0130615234375
2023-04-20,314.59600830078125
2023-04-21,314.92425537109375
2023-04-24,314.2677917480469
2023-04-25,308.3395080566406
2023-04-26,310.20947265625
2023-04-27,318.6443786621094
2023-04-28,320.84259033203125
2023-05-01,320.47454833984375
2023-05-02,317.67950439453125
2023-05-03,315.6006164550781
2023-05-04,314.4866638183594
2023-05-05,321.1708068847656
2023-05-08,321.9665832519531
2023-05-09,319.927490234375
2023-05-10,323.40887451171875
2023-05-11,324.46319580078125
2023-05-12,323.2994689941406
2023-05-15,325.05010986328125
2023-05-16,325.4180908203125
2023-05-17,329.3569641113281
2023-05-18,335.4742431640625
2023-05-19,334.71832275390625
2023-05-22,335.84234619140625
2023-05-23,331.5850524902344
2023-05-24,329.8841552734375
2023-05-25,337.91119384765625
2023-05-26,346.54498291015625
2023-05-30,348.1166076660156
2023-05-31,346.1371765136719
2023-06-01,350.13580322265625
2023-06-02,352.7617492675781
2023-06-05,353.0103759765625
2023-06-06,352.9507141113281
2023-06-07,346.9627685546875
2023-06-08,351.26971435546875
2023-06-09,352.6125183105469
2023-06-12,358.57061767578125
2023-06-13,361.32586669921875
2023-06-14,363.9518127441406
2023-06-15,368.2886047363281
2023-06-16,365.97100830078125
2023-06-20,365.4471130371094
2023-06-21,360.4669189453125
2023-06-22,364.7200012207031
2023-06-23,361.1043701171875
2023-06-26,356.26361083984375
2023-06-27,362.3892517089844
2023-06-28,363.0964660644531
2023-06-29,362.36932373046875
2023-06-30,367.9571228027344
2023-07-03,368.8236999511719
2023-07-05,368.813720703125
2023-07-06,366.0048828125
2023-07-07,364.78973388671875
2023-07-10,364.90924072265625
2023-07-11,366.71209716796875
2023-07-12,371.3436584472656
2023-07-13,377.6485900878906
2023-07-14,377.56890869140625
2023-07-17,381.09490966796875
2023-07-18,384.2124938964844
2023-07-19,384.12286376953125
2023-07-20,375.26806640625
2023-07-21,374.14251708984375
2023-07-24,374.74017333984375
2023-07-25,377.2800598144531
2023-07-26,376.0250549316406
2023-07-27,375.12860107421875
2023-07-28,381.9614562988281
2023-07-31,382.16064453125
2023-08-01,381.2742004394531
2023-08-02,372.907470703125
2023-08-03,372.309814453125
2023-08-04,370.5667419433594
2023-08-07,373.70428466796875
2023-08-08,370.52691650390625
2023-08-09,366.453125
2023-08-10,367.1304016113281
2023-08-11,364.78973388671875
2023-08-14,368.8834533691406
2023-08-15,364.9690246582031
2023-08-16,361.1043701171875
2023-08-17,357.1600341796875
2023-08-18,356.71185302734375
2023-08-21,362.458984375
2023-08-22,361.9410400390625
2023-08-23,367.6483154296875
2023-08-24,359.78961181640625
2023-08-25,362.5784912109375
2023-08-28,365.30767822265625
2023-08-29,373.2859191894531
2023-08-30,375.3676452636719
2023-08-31,376.4931640625
2023-09-01,376.0947570800781
2023-09-05,376.5729064941406
2023-09-06,373.25604248046875
2023-09-07,370.586669921875
2023-09-08,371.1046142578125
2023-09-11,375.47723388671875
2023-09-12,371.31378173828125
2023-09-13,372.7281494140625
2023-09-14,375.7760314941406
2023-09-15,369.34161376953125
2023-09-18,369.7266540527344
2023-09-19,368.9386291503906
2023-09-20,363.6220703125
2023-09-21,356.9588623046875
2023-09-22,357.0087585449219
2023-09-25,358.7044677734375
2023-09-26,353.31805419921875
2023-09-27,354.14599609375
2023-09-28,357.1085205078125
2023-09-29,357.36785888671875
2023-10-02,360.3503112792969
2023-10-03,354.02630615234375
2023-10-04,358.8441162109375
2023-10-05,357.7867736816406
2023-10-06,363.78167724609375
2023-10-09,365.636962890625
2023-10-10,367.661865234375
2023-10-11,370.2852478027344
2023-10-12,368.99847412109375
2023-10-13,364.3601989746094
2023-10-16,368.47979736328125
2023-10-17,367.2728576660156
2023-10-18,362.45501708984375
2023-10-19,359.0635681152344
2023-10-20,353.70709228515625
2023-10-23,354.7744140625
2023-10-24,358.2257080078125
2023-10-25,349.45782470703125
2023-10-26,342.7946472167969
2023-10-27,344.4404602050781
2023-10-30,348.3206787109375
2023-10-31,349.9864807128906
2023-11-01,356.0611267089844
2023-11-02,362.52484130859375
2023-11-03,366.7840576171875
2023-11-06,368.2802734375
2023-11-07,371.7615051269531
2023-11-08,372.0008850097656
2023-11-09,369.1381530761719
2023-11-10,377.43719482421875
2023-11-13,376.2601623535156
2023-11-14,384.35968017578125
2023-11-15,384.6489562988281
2023-11-16,384.9781799316406
2023-11-17,385.06793212890625
2023-11-20,389.7560729980469
2023-11-21,387.4917907714844
2023-11-22,389.0777893066406
2023-11-24,388.5291748046875
2023-11-27,388.1900329589844
2023-11-28,389.2074890136719
2023-11-29,388.8283996582031
2023-11-30,387.85089111328125
2023-12-01,388.9580993652344
2023-12-04,385.3471984863281
2023-12-05,386.3147888183594
2023-12-06,384.08038330078125
2023-12-07,389.4468688964844
2023-12-08,391.1824951171875
2023-12-11,394.5240478515625
2023-12-12,397.6661376953125
2023-12-13,402.7233581542969
2023-12-14,402.3742370605469
2023-12-15,404.3193054199219
2023-12-18,406.865966796875
2023-12-19,408.9449157714844
2023-12-20,402.8680725097656
2023-12-21,407.5556335449219
2023-12-22,408.1653137207031
2023-12-26,410.66400146484375
2023-12-27,411.5
2023-12-28,411.29998779296875
2023-12-29,409.5199890136719
